pair_id,source_id,band,body_system,question_type,correct_letter,correct_text,distractor_letter,distractor_text,acc_think_screen,acc_think_screen_ab,acc_think_screen_ba,acc_nothink_screen,gain,think_tokens_screen,acc_baseline_run,think_baseline_run,acc_careful_run,think_careful_run,acc_speed_run,think_speed_run
Text-1074:A-B,Text-1074,helps,Urinary,Reasoning,A,Normal anion gap metabolic acidosis and respiratory acidosis,B,"Triple acid-base disorder: metabolic acidosis, respiratory acidosis, and metabolic alkalosis",0.8125,0.625,1.0,0.0,0.8125,3281.5,0.7,3381.75,0.7386934673366834,4248.25,0.74,2453.0
Text-1074:A-H,Text-1074,helps,Urinary,Reasoning,A,Normal anion gap metabolic acidosis and respiratory acidosis,H,Mixed high and normal anion gap metabolic acidosis,0.75,0.625,0.875,0.0,0.75,3753.25,0.7448979591836735,3588.5,0.7128205128205128,4232.75,0.7738693467336684,2567.0
Text-1173:H-E,Text-1173,helps,Endocrine,Reasoning,H,Liddle syndrome,E,Bartter syndrome,0.75,0.875,0.625,0.0166666666666666,0.7333333333333333,1750.0,0.78,2096.0,0.825,2136.25,0.76,1392.25
Text-1259:J-H,Text-1259,helps,Nervous,Reasoning,J,Blood vessel narrowing,H,Cardiac arrhythmia,0.875,0.75,1.0,0.0,0.875,1686.25,0.955,1419.5,0.95,1557.5,0.845,1337.75
Text-1338:A-F,Text-1338,helps,Respiratory,Reasoning,A,Small cell lung cancer,F,Lymphangitic carcinomatosis,0.8125,0.625,1.0,0.0,0.8125,1925.25,0.875,2049.25,0.955,2258.75,0.775,1505.0
Text-1338:A-G,Text-1338,helps,Respiratory,Reasoning,A,Small cell lung cancer,G,Non–small cell lung cancer,0.375,0.25,0.5,0.0,0.375,1560.0,0.265,1484.75,0.385,1870.0,0.31,1138.75
Text-1426:A-H,Text-1426,helps,Muscular,Reasoning,A,quadrigia syndrome,H,lumbrical plus deformity,0.4375,0.375,0.5,0.0,0.4375,2492.25,0.335,2704.25,0.37,3668.0,0.415,1849.25
Text-1427:J-B,Text-1427,helps,Cardiovascular,Reasoning,J,Situational syncope,B,Aortic stenosis-induced syncope,0.3125,0.25,0.375,0.0,0.3125,1660.5,0.27,1274.0,0.3,1593.5,0.11,866.0
Text-1427:J-G,Text-1427,helps,Cardiovascular,Reasoning,J,Situational syncope,G,Medication-induced orthostatic hypotension,1.0,1.0,1.0,0.3666666666666666,0.6333333333333333,902.25,0.985,961.25,0.985,1046.0,0.875,758.5
Text-1467:H-I,Text-1467,helps,Muscular,Reasoning,H,Left inferior pubic shear,I,Left adductor tendinopathy,0.3125,0.25,0.375,0.0,0.3125,655.0,0.16,785.25,0.16,1003.5,0.305,582.25
Text-147:D-B,Text-147,helps,Endocrine,Reasoning,D,Central precocious puberty related to a central nervous system lesion,B,Benign premature adrenarche,0.9375,0.875,1.0,0.0,0.9375,2187.5,0.905,2157.0,0.955,2367.25,0.77,1748.5
Text-147:D-G,Text-147,helps,Endocrine,Reasoning,D,Central precocious puberty related to a central nervous system lesion,G,Late-onset congenital adrenal hyperplasia,0.8125,0.625,1.0,0.0,0.8125,1229.5,0.84,1263.0,1.0,1439.5,0.73,885.75
Text-147:D-H,Text-147,helps,Endocrine,Reasoning,D,Central precocious puberty related to a central nervous system lesion,H,McCune-Albright syndrome,1.0,1.0,1.0,0.0,1.0,1544.75,0.9346733668341709,1582.75,0.98,1823.75,0.8542713567839196,1119.25
Text-147:D-I,Text-147,helps,Endocrine,Reasoning,D,Central precocious puberty related to a central nervous system lesion,I,Precocious puberty related to a peripheral androgen-secreting tumor,1.0,1.0,1.0,0.0,1.0,1778.75,1.0,1596.5,0.995,1994.0,1.0,1215.25
Text-1481:I-G,Text-1481,helps,Cardiovascular,Reasoning,I,Giant-cell arteritis,G,Thoracic-outlet obstruction,0.9375,0.875,1.0,0.0,0.9375,1223.5,0.94,1321.0,0.91,1466.25,0.865,1114.75
Text-1495:J-A,Text-1495,helps,Nervous,Reasoning,J,CHARGE association,A,VACTERL association,0.4375,0.375,0.5,0.0,0.4375,1136.25,0.45,1010.5,0.425,1537.0,0.36,822.0
Text-1522:B-F,Text-1522,helps,Muscular,Reasoning,B,Left superior pubic shear,F,Left inferior pubic shear,0.4375,0.375,0.5,0.0166666666666666,0.4208333333333333,1384.25,0.49,1564.75,0.41,2099.25,0.49,1129.0
Text-1565:G-A,Text-1565,helps,Digestive,Reasoning,G,Appendicitis,A,Pancreatitis,0.9375,0.875,1.0,0.0,0.9375,1890.75,0.865,1868.75,0.935,1934.5,0.7537688442211056,1428.5
Text-1582:F-A,Text-1582,helps,Skeletal,Reasoning,F,Bilateral sacral extension along the middle transverse axis,A,Bilateral sacral torsion along the middle transverse axis,0.6875,0.75,0.625,0.0,0.6875,778.0,0.595,777.75,0.695,913.5,0.425,569.75
Text-1582:F-C,Text-1582,helps,Skeletal,Reasoning,F,Bilateral sacral extension along the middle transverse axis,C,Bilateral sacral flexion along the middle transverse axis,0.8125,0.75,0.875,0.1333333333333333,0.6791666666666667,773.5,0.68,699.25,0.725,822.75,0.525,611.5
Text-1582:F-E,Text-1582,helps,Skeletal,Reasoning,F,Bilateral sacral extension along the middle transverse axis,E,Bilateral sacral rotation along the middle transverse axis,0.6875,0.625,0.75,0.0,0.6875,982.25,0.685,1181.25,0.805,1543.0,0.445,853.5
Text-1582:F-G,Text-1582,helps,Skeletal,Reasoning,F,Bilateral sacral extension along the middle transverse axis,G,Sacral base anterior with restriction along the superior transverse axis,0.5625,0.625,0.5,0.0,0.5625,1424.0,0.515,1800.5,0.605,2151.25,0.585,1375.0
Text-1582:F-J,Text-1582,helps,Skeletal,Reasoning,F,Bilateral sacral extension along the middle transverse axis,J,Bilateral sacral flexion along the inferior transverse axis,0.6875,0.625,0.75,0.05,0.6375,1057.75,0.555,886.25,0.73,1032.0,0.59,814.0
Text-1865:F-D,Text-1865,helps,Reproductive,Reasoning,F,Rectovaginal fistula,D,Pelvic inflammatory disease,0.5,0.25,0.75,0.0,0.5,2114.25,0.55,2116.25,0.61,2408.75,0.445,1486.75
Text-1865:F-J,Text-1865,helps,Reproductive,Reasoning,F,Rectovaginal fistula,J,Endometritis,0.625,0.375,0.875,0.0,0.625,1975.5,0.49,1956.0,0.56,2169.25,0.265,1464.75
Text-1881:D-J,Text-1881,helps,Skeletal,Reasoning,D,Right superior shear,J,Left sacroiliac joint dysfunction,0.5625,0.25,0.875,0.3166666666666666,0.2458333333333333,1610.75,0.505,1484.5,0.47,1769.75,0.505,1244.25
Text-1913:G-H,Text-1913,helps,Digestive,Reasoning,G,Jejunal atresia,H,Intestinal malrotation,0.75,0.5,1.0,0.0333333333333333,0.7166666666666667,1404.0,0.79,1493.75,0.845,1924.5,0.725,1122.5
Text-1914:E-G,Text-1914,helps,Muscular,Reasoning,E,Left superior pubic shear,G,Left inferior pubic shear,1.0,1.0,1.0,0.05,0.95,1290.0,0.985,1311.0,0.995,1593.0,0.985,1006.25
Text-1921:H-A,Text-1921,helps,Skeletal,Reasoning,H,"T6 extended, rotated left, sidebent left",A,"T7 extended, rotated right, sidebent right",0.375,0.375,0.375,0.0,0.375,3940.5,0.225,3791.25,0.31,4571.5,0.185,2882.75
Text-1921:H-B,Text-1921,helps,Skeletal,Reasoning,H,"T6 extended, rotated left, sidebent left",B,"T6 extended, rotated right, sidebent left",0.4375,0.375,0.5,0.1,0.3375,2700.25,0.205,2614.25,0.27,3297.75,0.095,1757.0
Text-2010:G-F,Text-2010,helps,Muscular,Reasoning,G,Anteriorly rotated clavicle,F,Superior clavicle at the sternoclavicular joint,0.875,0.875,0.875,0.0508474576271186,0.8241525423728814,1417.25,0.81,1441.25,0.815,1604.5,0.82,1190.25
Text-2053:A-E,Text-2053,helps,Skeletal,Reasoning,A,Coxa valga,E,Slipped capital femoral epiphysis,0.625,0.625,0.625,0.0175438596491228,0.6074561403508771,1791.0,0.555,1707.0,0.51,2068.75,0.43,1304.25
Text-2053:A-G,Text-2053,helps,Skeletal,Reasoning,A,Coxa valga,G,Femoral head necrosis,0.9375,0.875,1.0,0.3214285714285714,0.6160714285714286,1261.5,0.89,1339.5,0.91,1753.75,0.76,1191.75
Text-2053:A-I,Text-2053,helps,Skeletal,Reasoning,A,Coxa valga,I,Genu varus,1.0,1.0,1.0,0.0,1.0,946.0,0.965,973.75,0.97,1165.25,0.975,793.0
Text-2082:F-B,Text-2082,helps,Endocrine,Reasoning,F,Vaginal septum,B,Müllerian agenesis,0.75,0.625,0.875,0.0,0.75,1530.0,0.882051282051282,1546.75,0.9384615384615385,1653.0,0.7382198952879581,1288.75
Text-2108:H-J,Text-2108,helps,Nervous,Reasoning,H,Lateral strain,J,Superior vertical strain,0.75,0.875,0.625,0.3333333333333333,0.4166666666666667,620.5,0.79,694.0,0.92,832.25,0.705,454.0
Text-2133:E-A,Text-2133,helps,Integumentary,Reasoning,E,Cutaneous anthrax,A,Ulceroglandular tularemia,0.6875,0.75,0.625,0.0,0.6875,1282.25,0.575,1346.75,0.62,1543.5,0.53,917.5
Text-2220:D-I,Text-2220,helps,Muscular,Reasoning,D,anterior fibular head dysfunction,I,iliotibial band syndrome,0.5625,0.875,0.25,0.0714285714285714,0.4910714285714286,1355.25,0.58,1384.0,0.715,1508.25,0.435,956.0
Text-2290:J-C,Text-2290,helps,Nervous,Reasoning,J,Normal infant crying,C,Infantile colic,0.625,0.5,0.75,0.0,0.625,1079.75,0.48,1065.25,0.51,1149.0,0.58,692.75
Text-2367:I-G,Text-2367,helps,Reproductive,Understanding,I,5α-reductase deficiency,G,True hermaphroditism,1.0,1.0,1.0,0.0,1.0,1215.5,1.0,1159.5,1.0,1456.75,0.995,848.5
Text-2410:D-A,Text-2410,helps,Skeletal,Reasoning,D,Left on left sacral torsion,A,Right unilateral sacral flexion,0.5,0.5,0.5,0.0,0.5,1417.5,0.415,1522.0,0.485,1873.25,0.41,896.75
Text-2410:D-I,Text-2410,helps,Skeletal,Reasoning,D,Left on left sacral torsion,I,Left unilateral sacral extension,0.875,0.875,0.875,0.2166666666666666,0.6583333333333333,1011.5,0.94,994.25,0.92,1176.25,0.83,744.0
Text-2445:C-H,Text-2445,helps,Digestive,Reasoning,C,Gastric ulcer,H,Duodenal ulcer,0.375,0.5,0.25,0.0,0.375,1919.75,0.22,1568.5,0.23,2061.5,0.135,767.0
Text-2449:C-D,Text-2449,helps,Skeletal,Understanding,C,Parvovirus,D,Lyme disease,1.0,1.0,1.0,0.0,1.0,682.25,0.985,789.75,0.99,936.75,0.98,606.75
Text-2449:C-G,Text-2449,helps,Skeletal,Understanding,C,Parvovirus,G,Systemic lupus erythematosus,0.8125,0.625,1.0,0.1166666666666666,0.6958333333333333,752.0,0.915,805.0,0.925,974.5,0.875,639.5
Text-2449:C-H,Text-2449,helps,Skeletal,Understanding,C,Parvovirus,H,Reactive arthritis,0.6875,0.625,0.75,0.0,0.6875,1132.75,0.69,1042.25,0.775,1158.75,0.61,818.5
Text-317:C-F,Text-317,helps,Reproductive,Understanding,C,Granulomatous mastitis,F,Plasma cell mastitis,0.5,0.75,0.25,0.0888888888888888,0.4111111111111111,1448.75,0.605,1192.0,0.525,1397.5,0.465,816.25
Text-317:C-G,Text-317,helps,Reproductive,Understanding,C,Granulomatous mastitis,G,Acute non-puerperal mastitis,0.5625,0.5,0.625,0.0,0.5625,1558.75,0.46,1361.75,0.505,1508.0,0.44,953.0
Text-326:E-I,Text-326,helps,Muscular,Reasoning,E,Posterior radial head,I,Anterior radial head,0.9375,1.0,0.875,0.0,0.9375,1178.25,0.925,1308.5,0.96,1608.0,0.935,955.75
Text-409:A-D,Text-409,helps,Muscular,Reasoning,A,Extension,D,Combined flexion-rotation,0.9375,0.875,1.0,0.0,0.9375,1646.5,0.895,1630.75,0.95,1969.0,0.86,1188.5
Text-409:A-G,Text-409,helps,Muscular,Reasoning,A,Extension,G,Combined extension-rotation,0.625,0.5,0.75,0.0,0.625,2213.5,0.545,2051.75,0.745,2493.0,0.44,1335.0
Text-409:A-H,Text-409,helps,Muscular,Reasoning,A,Extension,H,Rotation,1.0,1.0,1.0,0.0,1.0,1392.75,0.985,1425.75,0.955,1779.0,0.95,1068.0
Text-416:D-J,Text-416,helps,Skeletal,Reasoning,D,right-on-right sacral torsion,J,unilateral sacral extension on the left,0.8125,0.625,1.0,0.0,0.8125,1124.25,0.76,1114.25,0.815,1264.75,0.69,777.5
Text-438:A-J,Text-438,helps,Skeletal,Reasoning,A,Pronation ankle sprain,J,Calcaneal stress fracture,0.875,0.75,1.0,0.0,0.875,1331.5,0.615,1449.5,0.695,1709.5,0.5,1143.5
Text-460:A-I,Text-460,helps,Muscular,Reasoning,A,Parvovirus B19,I,Reactive arthritis,1.0,1.0,1.0,0.1833333333333333,0.8166666666666667,729.5,0.995,732.5,1.0,775.0,0.99,635.0
Text-460:A-J,Text-460,helps,Muscular,Reasoning,A,Parvovirus B19,J,Viral arthritis due to EBV,1.0,1.0,1.0,0.0,1.0,819.75,0.94,706.75,0.945,794.0,0.915,609.75
Text-500:F-A,Text-500,helps,Cardiovascular,Reasoning,F,Non-viable limb; Doppler ultrasound,A,Threatened limb; CT angiography,0.5625,0.25,0.875,0.0,0.5625,1353.75,0.53,1514.0,0.57,1675.75,0.35,997.75
Text-510:I-E,Text-510,helps,Nervous,Reasoning,I,Enterovirus meningitis,E,Lymphocytic choriomeningitis virus,0.625,0.375,0.875,0.0,0.625,1098.0,0.74,1103.75,0.79,1288.75,0.505,692.25
Text-540:A-B,Text-540,helps,Muscular,Reasoning,A,Abduction of the ulna,B,Posterior translation of the ulna,0.3125,0.375,0.25,0.0,0.3125,1195.25,0.205,1113.5,0.095,1281.0,0.3,759.25
Text-572:D-A,Text-572,helps,Urinary,Reasoning,D,Renal-cell carcinoma,A,Renal vein thrombosis,0.625,0.25,1.0,0.0,0.625,1555.25,0.59,1562.5,0.59,2008.25,0.55,1022.5
Text-699:I-B,Text-699,helps,Skeletal,Reasoning,I,left unilateral sacral extension,B,left unilateral sacral flexion,0.6875,0.625,0.75,0.0666666666666666,0.6208333333333333,1089.0,0.725,978.0,0.815,1355.25,0.615,765.0
Text-699:I-G,Text-699,helps,Skeletal,Reasoning,I,left unilateral sacral extension,G,left sacroiliac joint dysfunction,0.3125,0.25,0.375,0.0,0.3125,836.25,0.475,729.0,0.4,841.0,0.265,487.0
Text-699:I-J,Text-699,helps,Skeletal,Reasoning,I,left unilateral sacral extension,J,sacral shear dysfunction,0.375,0.375,0.375,0.0,0.375,721.25,0.34,761.0,0.375,972.25,0.22,603.0
Text-714:J-A,Text-714,helps,Nervous,Reasoning,J,C8 radiculopathy,A,Cubital tunnel syndrome,0.8125,0.875,0.75,0.0,0.8125,1853.75,0.855,1777.5,0.885,2020.75,0.68,1496.75
Text-799:A-B,Text-799,helps,Nervous,Reasoning,A,Normal stress reaction,B,Acute stress disorder,0.8125,0.875,0.75,0.0,0.8125,1383.25,0.76,1212.25,0.8,1195.0,0.628140703517588,1023.0
Text-799:A-C,Text-799,helps,Nervous,Reasoning,A,Normal stress reaction,C,Bereavement,1.0,1.0,1.0,0.0333333333333333,0.9666666666666668,906.75,1.0,1000.5,1.0,1004.25,0.975,859.0
Text-799:A-E,Text-799,helps,Nervous,Reasoning,A,Normal stress reaction,E,Substance-induced mood disorder,0.625,0.25,1.0,0.0,0.625,1851.75,0.665,1664.0,0.74,1986.5,0.705,1294.5
Text-799:A-F,Text-799,helps,Nervous,Reasoning,A,Normal stress reaction,F,Acute grief reaction,0.75,0.875,0.625,0.0,0.75,1167.25,0.73,1244.75,0.825,1263.0,0.47,1004.5
Text-799:A-J,Text-799,helps,Nervous,Reasoning,A,Normal stress reaction,J,Dysthymic disorder,1.0,1.0,1.0,0.0,1.0,1127.0,1.0,1047.5,1.0,1179.0,1.0,860.75
Text-911:E-A,Text-911,helps,Endocrine,Reasoning,E,Aromatase deficiency,A,P450 oxidoreductase deficiency,0.4375,0.625,0.25,0.0333333333333333,0.4041666666666667,2289.75,0.48,2181.0,0.455,2439.0,0.31,1497.75
