group,prompt,start,n_right,mean_right,sd_right,cv_right,n_wrong,mean_wrong,sd_wrong,sd_all
A,Text-147 A,-2.25,100,5.885,1.0084366338270563,0.171357117047928,0,,,1.0084366338270563
A,Text-147 B,-4.75,100,7.6325,1.1417551392394947,0.14959123999207266,0,,,1.1417551392394947
A,Text-1481 A,-2.5,87,9.591954022988507,2.2106096386756575,0.23046499528434056,13,6.788461538461538,1.0985129809113632,2.2998394212719204
A,Text-1481 B,-3.75,96,8.9765625,1.4225986807877151,0.15847922640629028,4,8.125,1.7618645426554977,1.4367361826674578
A,Text-1582 A,-6.25,72,5.541666666666667,1.501173250081603,0.27088840602976294,28,10.035714285714286,2.391840185066609,2.699840997936992
A,Text-1582 B,-3.5,60,5.145833333333333,1.7751173670117328,0.34496207941928414,40,11.625,2.3472569916000645,3.7716337255353896
A,Text-2449 A,-4.5,99,5.853535353535354,1.511862152994029,0.2582818863613613,1,2.0,,1.5527834245754826
A,Text-2449 B,-3.25,100,6.0325,1.4353293888670484,0.23793276234845395,0,,,1.4353293888670484
A,Text-326 A,-2.0,95,8.35,1.9204249308144326,0.22999100967837516,5,4.65,1.8337120820892248,2.072310231835402
A,Text-326 B,-1.25,92,6.179347826086956,1.4226030964380831,0.23021897075163353,8,8.03125,2.5927009496441573,1.6095104814504904
A,Text-409 A,-3.5,98,7.790816326530612,1.6425769755343094,0.21083502763898143,2,8.875,2.6516504294495533,1.6546441376387317
A,Text-409 B,-2.0,99,9.532828282828282,0.9978589737216462,0.10467606717715813,1,3.25,,1.1749059708776872
A,Text-460 A,-3.0,99,9.780303030303031,1.7968484056675196,0.1837211383021786,1,-0.25,,2.0499076106305893
A,Text-460 B,-7.0,86,3.1482558139534884,1.2610557592378604,0.400556953996144,14,9.491071428571429,5.743822828640625,3.2542850054143457
A,Text-699 A,-2.5,79,9.854430379746836,2.5342549336656774,0.2571690941035177,21,11.535714285714286,1.7718029558293762,2.4835455980057497
A,Text-699 B,-0.9999999999999999,67,8.458955223880597,1.8502646283530415,0.21873441570296212,33,12.348484848484848,2.38397923807565,2.7382566063874005
B,Text-1467 A,3.75,95,12.663157894736843,2.851550628244628,0.22518479607916844,5,5.95,1.2673791855636576,3.1540208024396765
B,Text-1467 B,2.0,99,9.8989898989899,1.9292059775924812,0.1948891752874037,1,2.5,,2.0571076586294454
B,Text-1553 A,5.25,98,11.82780612244898,1.6183463410375907,0.136825572239132,2,5.5,0.3535533905932738,1.8330660101247713
B,Text-1553 B,8.75,100,12.2425,1.2109845522790892,0.09891644290619475,0,,,1.2109845522790892
B,Text-2009 A,10.75,100,14.7875,1.8268221151507995,0.12353826645144883,0,,,1.8268221151507995
B,Text-2009 B,3.0,100,10.535,1.0695628296012565,0.10152471092560574,0,,,1.0695628296012565
B,Text-982 A,24.0,100,26.34,1.7181517553887533,0.06522975532986915,0,,,1.7181517553887533
B,Text-982 B,21.25,100,20.28,1.3836527561114997,0.06822745345717454,0,,,1.3836527561114997
