group,group_label,pair_id,source_id,body_system,question_type,correct_text,distractor_text,osteo,share_correct_ab,share_correct_ba,nothink_gap_ab,nothink_gap_ba,think_gap_median_ab,think_gap_median_ba,tok_p50_ab,tok_p50_ba,tok_ratio_ab,tok_ratio_ba,reason_ab,reason_ba
A,"right, first reaction wrong",Text-326:E-I,Text-326,Muscular,Reasoning,Posterior radial head,Anterior radial head,False,1.0,0.9666666666666668,-1.7499999850988388,-1.5000000596046448,9.499999525964084,6.500000118394382,1294.0,1361.5,2.101829402689001,2.2893685051958435,flips to correct,flips to correct
A,"right, first reaction wrong",Text-409:A-H,Text-409,Muscular,Reasoning,Extension,Rotation,True,0.9666666666666668,0.9666666666666668,-3.2499999403953552,-2.0000000447034836,10.249999881416445,10.249999881416445,1435.0,1360.5,2.0038147716435306,2.4060398725964376,flips to correct,flips to correct
A,"right, first reaction wrong",Text-1582:F-E,Text-1582,Skeletal,Reasoning,Bilateral sacral extension along the middle transverse axis,Bilateral sacral rotation along the middle transverse axis,True,0.7333333333333333,0.7333333333333333,-6.250000192085281,-3.749999888241291,4.750000041443855,3.875000107102096,1167.5,1277.0,3.614642262895176,2.849968374446553,flips to correct,flips to correct
A,"right, first reaction wrong",Text-699:I-B,Text-699,Skeletal,Reasoning,left unilateral sacral extension,left unilateral sacral flexion,True,0.7,0.7,-2.2500000298023224,-1.25,10.249999524633497,8.00000023508619,764.5,1011.0,3.3279241306638583,3.1009304526099988,flips to correct,flips to correct
A,"right, first reaction wrong",Text-147:D-I,Text-147,Endocrine,Reasoning,Central precocious puberty related to a central nervous system lesion,Precocious puberty related to a peripheral androgen-secreting tumor,False,1.0,1.0,-2.2500000298023224,-4.500000096857548,6.875000074098352,7.624999884486897,1635.0,1533.0,2.1984394396169535,1.797448979591837,flips to correct,flips to correct
A,"right, first reaction wrong",Text-460:A-J,Text-460,Muscular,Reasoning,Parvovirus B19,Viral arthritis due to EBV,False,0.9666666666666668,0.8666666666666667,-3.2499999403953552,-7.250000132829882,10.875000238650046,2.7499999701976776,643.5,870.0,1.5667374927564226,2.4240130906115773,flips to correct,flips to correct
A,"right, first reaction wrong",Text-1481:I-G,Text-1481,Cardiovascular,Reasoning,Giant-cell arteritis,Thoracic-outlet obstruction,False,0.8666666666666667,0.9666666666666668,-2.500000096857548,-3.749999888241291,9.12499988690979,8.125000045227353,1343.5,1315.5,2.2525316455696203,1.776203966005666,flips to correct,flips to correct
A,"right, first reaction wrong",Text-2449:C-D,Text-2449,Skeletal,Understanding,Parvovirus,Lyme disease,False,0.9666666666666668,1.0,-4.250000044703484,-3.4999999310821295,6.625000072584953,5.50000016624108,858.0,760.5,1.7994683502242896,1.7514990006662232,flips to correct,flips to correct
B,"right, first reaction right",Text-982:B-A,Text-982,Lymphatic,Reasoning,Pseudothrombocytopenia,Immune thrombocytopenic purpura,False,1.0,1.0,24.0,21.5,26.25,18.75,577.0,651.5,2.232337271253185,2.187474828836085,more confident,
B,"right, first reaction right",Text-1467:H-B,Text-1467,Muscular,Reasoning,Left inferior pubic shear,Left hip labral tear,True,0.9,1.0,3.999999891966582,2.0000000447034836,11.75000017886191,9.87500012057535,790.0,632.5,2.5345798603289036,2.028839704896043,more confident,more confident
B,"right, first reaction right",Text-1553:J-E,Text-1553,Skeletal,Reasoning,left sacral rotation around a right oblique axis,unilateral sacral flexion on the left,True,1.0,1.0,5.499999983236194,8.749999893334461,12.250000000011369,11.99999952318194,1187.5,1128.5,4.114324243332335,4.662375037867313,more confident,more confident
B,"right, first reaction right",Text-2009:C-A,Text-2009,Digestive,Reasoning,Colon cancer,Ischemic colitis,False,1.0,1.0,10.999999523302904,2.7499999962747097,15.12499970197682,9.749999763287631,1585.5,1418.5,2.030097250167673,2.3633167301494287,more confident,more confident
